Workbook
Name _Order1: 0
Name FID_1: [1]AGR_Fuels!$A$2

Sheet BALANCE
B2: * Energy Balance / Bilans energii
B4: Tabela 1: Uproszczony bilans energii dla polskiego systemu elektroenergetycznego w 2020 r.
B5: Table 1: Simple energy balance of Polish energy system in 2020
B6: Typ jednostki wytwórczej | C6: Generation unit type | D6: Moc osiągalna elektryczna netto | E6: Produkcja energii elektrycznej netto | F6: Produkcja ciepła netto | G6: Zużycie paliwa | H6: Średnia wartość opałowa | I6: Zużycie paliwa | J6: Średnia wartość opałowa
D7: Net Electric Power | E7: Net electricity generation | F7: Net heat generation | G7: Fuel used | H7: Average lower heating valuee | I7: Fuel used | J7: Average lower heating valuee
D8: MW | E8: GWh | F8: TJ | G8: kt | H8: kJ/kg | I8: mln m3 | J8: kJ/m3
B9: Elektrownie na węglu kamiennym1 | C9: Hard coal fired Electricity only power plants | D9: 17023.8 | E9: 47860 | G9: 20996.9 | H9: 21688.2
B10: Elektrownie na węglu brunatnym1 | C10: Brown coal fired Electricity only power plants | D10: 7391.2 | E10: 34351.7 | G10: 45266.6 | H10: 7935.8
B11: Elektrociepłownie na węglu kamiennym1 | C11: Hard coal fired Combined Heat & Power power plants | D11: 4094.6 | E11: 16259.8 | F11: 137017.3 | G11: 11204.8 | H11: 21089.6
B12: Elektrownie na gazie ziemnym1 | C12: Natural gas fired Electricity only power plants | D12: 1656.5 | E12: 7464.6 | F12: 17571.3 | I12: 2109.503 | J12: 32467
B13: Elektrownie wiatrowe1 | C13: Onshore Wind Turbines | D13: 6227.6934 | E13: 15623.049
B14: Elektrownie słoneczne1 | C14: Large Scale Photovoltaics | D14: 3954.96 | E14: 1957.92
B15: Ciepłownie2 | C15: Hard coal fired Heat only plants | D15: 19806 | F15: 81695 | G15: 4227 | H15: 22840
B16: Razem | C16: Total | E16: =SUM(E9:E15) -> 123517.07 | F16: =SUM(F9:F15) -> 236283.6
B17: Source / Źródło:
B18: 1) opracowanie własne na podstawie "Statystyka Elektroenergetyki Polskiej 2020" - Ministerstwo Klimatu i Środowiska, Agencja Rynku Energii S.A., Warszawa 2021.
B19: 2) opracowanie własne na podstawie "Energetyka Cieplna w Liczbach 2021" - Urząd Regulacji Energetyki, Warszawa 2022.
B20: 3) EUROSTAT NRG_BAL, NRG_BAL_PEH.
B23: * Transmission & Distribution Losses / Straty przesyłu i dystrybucji
B25: Tabela 2: Efficiency of Transmission and distribution of energy carriers in 2020
B26: Tabela 2: Sprawności przesyłu i transformacji nośników energii w sieci w 2020 r.
B27: Nośnik energii | C27: Energy carrier | D27: Przesył i transformacja | E27: Sprawność
D28: Transmission and distribution | E28: Efficiency
B29: Energia elektryczna | C29: Electricity | D29: WN-WN | HV-HV | E29: 0.97706172
B30: Energia elektryczna | C30: Electricity | D30: WN-SN | HV-MV | E30: 0.97644164
B31: Energia elektryczna | C31: Electricity | D31: SN-nn | MV-LV | E31: 0.95152534
B32: Energia cieplna | C32: District Heat | D32: WT-NT | HT-LT | E32: 0.859
B33: Source / Źródło:
B34: 1) opracowanie własne na podstawie "Statystyka Elektroenergetyki Polskiej 2020" - Ministerstwo Klimatu i Środowiska, Agencja Rynku Energii S.A., Warszawa 2021.
B35: 2) opracowanie własne na podstawie "Energetyka Cieplna w Liczbach 2021" - Urząd Regulacji Energetyki, Warszawa 2022.
B38: * Final Energy Demand / Popyt na energię finalną
B40: Table 3: Final energy demand in 2020
B41: Tabela 3: Zapotrzebowanie na energię końcową w 2020 r.
B42: Nośnik energii | C42: Energy carrier | D42: Jednostka | E42: Zapotrzebowanie końcowe
D43: Unit | E43: Final energy demand
B44: Energia elektryczna | C44: Electricity | D44: [TWh] | E44: =SUM(E9:E14)*E29/1000 -> 120.6838
B45: Energia cieplna | C45: District Heat | D45: [PJ] | E45: =SUM(F9:F15)*E32/1000 -> 202.96761
B46: Source / Źródło:
B47: 1) opracowanie własne na podstawie "Statystyka Elektroenergetyki Polskiej 2020" - Ministerstwo Klimatu i Środowiska, Agencja Rynku Energii S.A., Warszawa 2021.
B48: 2) opracowanie własne na podstawie "Energetyka Cieplna w Liczbach 2021" - Urząd Regulacji Energetyki, Warszawa 2022.

Sheet TOPOLOGY

Sheet SEC_Comm
B2: Define Commodities
B4: ~FI_Comm
B5: Csets | C5: CommName | D5: CommDesc | E5: Unit | F5: LimType | G5: CTSLvl | H5: PeakTS | I5: Ctype
B6: \I: Commodity Set | C6: Commodity Name | D6: Commodity Description | E6: Unit | F6: Sense of Balance Equation | G6: TimeSlice Level | H6: Peak Monitoring | I6: Electricity Indicator (for CHPs)
B7: \I: Predefiniowany zbiór dóbr | C7: Nazwa dobra | D7: Opis sobra | E7: Jednostka dobra | F7: Typ równania bilansu dobra | G7: Poziom podokresów roku - równanie bilansu | H7: Monitorowanie szczytu | I7: Oznaczenie dobra "energia elektryczna" dla CHP
B8: NRG | C8: ELEC_HV | D8: High Voltage Electricity (>110 kV) | E8: PJ | G8: DAYNITE | H8: ANNUAL | I8: ELC
B9: NRG | C9: ELEC_LV | D9: Low Voltage Electricity (< 1kV) | E9: PJ | G9: DAYNITE
B10: NRG | C10: HEAT_HT | D10: High Temperature Heat | E10: PJ | G10: DAYNITE | H10: ANNUAL
B11: NRG | C11: HEAT_DH | D11: District Heating | E11: PJ | G11: DAYNITE
B12: ENV | C12: CO2 | D12: Carbon Dioxide Emission | E12: kt
B14: ~TFM_INS | F14: ~TFM_INS
B15: Attribute | C15: PL | D15: Cset_CN | F15: Attribute | G15: Cset_CN | H15: Year | I15: PL
B16: \I: | F16: \I: | G16: Commodity Name | H16: Year | I16: Value in Region
B17: COM_PKRSV | C17: 0.18 | D17: =C8 -> ELEC_HV | F17: COM_PKFLX | G17: =C8 -> ELEC_HV | H17: 2020 | I17: 0.098
B19: Copy from SUP
B21: No tag - won't be read by Veda
B22: Csets | C22: CommName | D22: CommDesc | E22: Unit | F22: LimType | G22: CTSLvl | H22: PeakTS | I22: Ctype
B23: NRG | C23: HC | D23: Hard Coal | E23: PJ
B24: NRG | C24: BC | D24: Brown Coal/Lignite | E24: PJ
B25: NRG | C25: NAT-GAS | D25: Natural Gas | E25: PJ
B26: NRG | C26: WIND-ON | D26: Onshore Wind Energy | E26: PJ
B27: NRG | C27: SOLAR | D27: Solar Energy | E27: PJ
B29: Available Commodity Sets
B30: NRG | C30: Energy
B31: ENV | C31: Emission
B32: DEM | C32: Demand
B33: MAT | C33: Material
B34: FIN | C34: Financial

Sheet SEC_Processes
B2: Define Processes
B4: ~FI_Process
B5: Sets | C5: Region | D5: TechName | E5: TechDesc | F5: Tact | G5: Tcap | H5: Tslvl | I5: PrimaryCG | J5: Vintage
B6: \I: Process Set | C6: Region Name | D6: Technology Name | E6: Technology Description | F6: Activity Unit | G6: Capacity Unit | H6: TimeSlice Level | I6: Primary Commodity Group | J6: Vintage Tracking
B7: \I: Predefiniowany zbiór procesów | C7: Nazwa regionu | D7: Nazwa procesu | E7: Opis procesu | F7: Jednostka aktywności procesu | G7: Jednostka mocy zainstalowanej procesu | H7: Poziom podokresów roku - równanie bilansu | I7: Grupa dóbr wyznaczających aktywność | J7: Śledzenie rocznika
B8: ELE | C8: PL | D8: ELE_EX_WIND-ON | E8: Existing Onshore Wind Turbines | F8: PJ | G8: GW | H8: DAYNITE
B9: ELE | C9: PL | D9: ELE_EX_PV | E9: Existing Photovoltaics (all Types) | F9: PJ | G9: GW | H9: DAYNITE
B10: ELE | C10: PL | D10: ELE_EX_HC | E10: Existing Hard Coal Power Plants | F10: PJ | G10: GW | H10: DAYNITE
B11: ELE | C11: PL | D11: ELE_EX_BC | E11: Existing Brown Coal Power Plants | F11: PJ | G11: GW | H11: DAYNITE
B12: CHP | C12: PL | D12: CHP_EX_HC | E12: Existing Hard Coal CHPs - backpressure turbine | F12: PJ | G12: GW | H12: DAYNITE
B13: CHP | C13: PL | D13: CHP_EX_NAT-GAS | E13: Existing Natural Gas CHPs - pass-out turbine | F13: PJ | G13: GW | H13: DAYNITE
B14: HPL | C14: PL | D14: HPL_EX_HC | E14: Existing Hard Coal Heating Plants | F14: PJ | G14: GW | H14: DAYNITE
B15: PRE | C15: PL | D15: TRANSF_HV-LV | E15: Electricity Transformation and Distribution High Voltage to Low Voltage | F15: PJ | G15: PJa | H15: DAYNITE
B16: PRE | C16: PL | D16: TRANSF_HT-DH | E16: District heating network | F16: PJ | G16: PJa | H16: DAYNITE
B19: Available Process Sets
B20: ELE | C20: Power Plant (Electricity Only)
B21: CHP | C21: Combined Heat & Power Plant
B22: STG | C22: Timeslice Storage
B23: PRE | C23: Generic Process
B24: DMD | C24: Demand Process | D24: Shoud have commodity of type DEM on Output
B25: IMP | C25: Import | D25: Commodity only at Output
B26: EXP | C26: Eksport | D26: Commodity only at Input
B27: MIN | C27: Mining | D27: Commodity only at Output
B28: HPL | C28: Heat Only Plant

Sheet PP
B2: Power Plants
E4: ~FI_T
B5: TechName | C5: * TechDesc | D5: Comm-IN | E5: Comm-OUT | F5: EFF | G5: CAP2ACT | H5: STOCK~2020~2021 | I5: STOCK~2025 | J5: STOCK~2030 | K5: STOCK~2035 | L5: STOCK~2040 | M5: STOCK~2045 | N5: STOCK~2050 | O5: PEAK | P5: AFA~2020~2021~FX | Q5: AFA | R5: FIXOM | S5: VAROM
B6: \I: Technology Name | C6: Technology Description | D6: Commodity Input | E6: Commodity Output | F6: Efficiency | G6: Capacity to Activity Factor | H6: Installed Capacity [GW] | O6: Peak EQ Factor | P6: Annual Availability Factor | Q6: Annual Availability Factor | R6: Fixed O&M Costs [PLN/kW] | S6: Variable O&M Costs [PLN/GJ]
B7: \I: Nazwa procesu | C7: Opis procesu | D7: Dobro na wejściu | E7: Dobro na wyjściu | F7: Sprawność | G7: Przelicznik mocy zainstalowanej na aktywność (produkcję) procesu | H7: Moc zainstalowana (w roku po znaku ~) | O7: Dostępność mocy w szczycie zapotrzebowania | P7: Roczna dostępność mocy | Q7: Roczna dostępność mocy | R7: Koszty stałe (niezależne od produkcji) | S7: Koszty zmienne niepaliwowe (zależne od produkcji)
B8: =SEC_Processes!D10 -> ELE_EX_HC | C8: =SEC_Processes!E10 -> Existing Hard Coal Power Plants | D8: =SEC_Comm!C23 -> HC | E8: =SEC_Comm!C8 -> ELEC_HV | F8: =(BALANCE!E9*3.6/10^3)/(BALANCE!G9*BALANCE!H9/10^6) -> 0.37835241 | G8: 31.536 | H8: =BALANCE!D9/1000 -> 17.0238 | I8: 13.9736 | J8: 9.5486 | K8: 7.5076 | L8: 5.295 | M8: 3.541 | N8: 0 | O8: 1 | P8: =ROUNDUP((BALANCE!E9/BALANCE!D9*1000/8760),2) -> 0.33 | Q8: =P8*1.25 -> 0.4125 | R8: =44*4.5 -> 198 | S8: =3.4/3.6*4.5 -> 4.25
B9: =SEC_Processes!D11 -> ELE_EX_BC | C9: =SEC_Processes!E11 -> Existing Brown Coal Power Plants | D9: =SEC_Comm!C24 -> BC | E9: =SEC_Comm!C8 -> ELEC_HV | F9: =(BALANCE!E10*3.6/10^3)/(BALANCE!G10*BALANCE!H10/10^6) -> 0.3442565 | G9: 31.536 | H9: =BALANCE!D10/1000 -> 7.3912 | I9: 7.53076 | J9: 7.18876 | K9: 3.145 | L9: 1.489 | M9: 0.89 | N9: 0 | O9: 1 | P9: =ROUNDUP((BALANCE!E10/BALANCE!D10*1000/8760),2) -> 0.54 | Q9: =P9*1.25 -> 0.675 | R9: =49*4.5 -> 220.5 | S9: =3.2/3.6*4.5 -> 4
B13: Alternative Syntax - one process
B16: TechName | C16: * TechDesc | D16: Comm-IN | E16: Comm-OUT | F16: EFF | G16: CAP2ACT | H16: Year | I16: LimType | J16: STOCK | K16: PEAK | L16: AFA | M16: AFA | N16: FIXOM | O16: VAROM
B17: \I: Technology Name | C17: Technology Description | D17: Commodity Input | E17: Commodity Output | F17: Efficiency | G17: Capacity to Activity Factor | H17: Year | I17: Limit type [(in)equality sing] | J17: Installed Capacity [GW] | K17: Peak EQ Factor | L17: Annual Availability Factor | M17: Annual Availability Factor | N17: Fixed O&M Costs [PLN/kW] | O17: Variable O&M Costs [PLN/GJ]
B18: \I: Nazwa procesu | C18: Opis procesu | D18: Dobro na wejściu | E18: Dobro na wyjściu | F18: Sprawność | G18: Przelicznik mocy zainstalowanej na aktywność (produkcję) procesu | H18: Rok | I18: Znak równania | J18: Moc zainstalowana (w roku po znaku ~) | K18: Dostępność mocy w szczycie zapotrzebowania | L18: Roczna dostępność mocy | M18: Roczna dostępność mocy | N18: Koszty stałe (niezależne od produkcji) | O18: Koszty zmienne niepaliwowe (zależne od produkcji)
B19: ELE_EX_HC | C19: Existing Hard Coal Power Plants | D19: HC | E19: ELEC_HV | F19: 0.37835241 | G19: 31.536 | K19: 1 | M19: 0.4125 | N19: 198 | O19: 4.25
H20: 2020 | I20: FX | J20: 17.0238 | L20: 0.33
H21: 2021 | I21: FX | J21: 17.0238 | L21: 0.33
H22: 2025 | J22: 13.9736
H23: 2030 | J23: 9.5486
H24: 2035 | J24: 7.5076
H25: 2040 | J25: 5.295
H26: 2045 | J26: 3.541
H27: 2050 | J27: 0

Sheet RES
B2: Renewable Energy Sources
E4: ~FI_T
B5: TechName | C5: *TechDesc | D5: Comm-IN | E5: Comm-OUT | F5: EFF | G5: CAP2ACT | H5: STOCK~2020 | I5: STOCK~2025 | J5: STOCK~2030 | K5: STOCK~2035 | L5: STOCK~2040 | M5: STOCK~2045 | N5: STOCK~2050 | O5: PEAK | P5: AFA | Q5: FIXOM | R5: VAROM
B6: \I: Technology Name | C6: Technology Description | D6: Commodity Input | E6: Commodity Output | F6: Efficiency | G6: Capacity to Activity Factor | H6: Installed Capacity [GW] | O6: Peak EQ Factor | P6: Annual Availability Factor | Q6: Fixed O&M Costs [PLN/kW] | R6: Variable O&M Costs [PLN/GJ]
B7: \I: Nazwa procesu | C7: Opis procesu | D7: Dobro na wejściu | E7: Dobro na wyjściu | F7: Sprawność | G7: Przelicznik mocy zainstalowanej na aktywność (produkcję) procesu | H7: Moc zainstalowana (w roku po znaku ~) | O7: Dostępność mocy w szczycie zapotrzebowania | P7: Roczna dostępność mocy | Q7: Koszty stałe (niezależne od produkcji) | R7: Koszty zmienne niepaliwowe (zależne od produkcji)
B8: =SEC_Processes!D8 -> ELE_EX_WIND-ON | C8: =SEC_Processes!E8 -> Existing Onshore Wind Turbines | D8: =SEC_Comm!C26 -> WIND-ON | E8: =SEC_Comm!C8 -> ELEC_HV | F8: 1 | G8: 31.536 | H8: =BALANCE!D13/1000 -> 6.2276934 | I8: 6.29825 | J8: 5.829 | K8: 4.365 | L8: 0.074 | M8: 0 | N8: 0 | O8: 0.15 | P8: =BALANCE!E13/BALANCE!D13*1000/8760+0.01 -> 0.29637458 | Q8: =50*4.5 -> 225 | R8: 0.001
B9: =SEC_Processes!D9 -> ELE_EX_PV | C9: =SEC_Processes!E9 -> Existing Photovoltaics (all Types) | D9: =SEC_Comm!C27 -> SOLAR | E9: =SEC_Comm!C8 -> ELEC_HV | F9: 1 | G9: 31.536 | H9: =BALANCE!D14/1000 -> 3.95496 | I9: 3.95496 | J9: 3.95496 | K9: 3.48396 | L9: 2.197092 | M9: 0.910224 | N9: 0 | O9: 0.02 | P9: 1 | Q9: =16*4.5 -> 72 | R9: 0.001

Sheet CHP
B2: Combined Heat and Power Plants
E4: ~FI_T
B5: TechName | C5: *TechDesc | D5: Comm-IN | E5: Comm-OUT | F5: EFF | G5: CHPR~FX | H5: CHPR~LO | I5: CHPR~UP | J5: CEH | K5: CAP2ACT | L5: STOCK~2020~2021 | M5: STOCK~2050 | N5: PEAK | O5: AFA | P5: FIXOM | Q5: VAROM
B6: \I: Technology Name | C6: Technology Description | D6: Commodity Input | E6: Commodity Output | F6: Efficiency | G6: Heat to Power Factor (FX) | H6: Heat to Power Factor (LO) | I6: Heat to Power Factor (UP) | J6: Electricity Loss per Heat Gained | K6: Capacity to Activity Factor | L6: Installed Capacity [GW] | M6: Installed Capacity [GW] | N6: Peak EQ Factor | O6: Annual Availability Factor | P6: Fixed O&M Costs [PLN/kW] | Q6: Variable O&M Costs [PLN/GJ]
B7: \I: Nazwa procesu | C7: Opis procesu | D7: Dobro na wejściu | E7: Dobro na wyjściu | F7: Sprawność | G7: Stosunek produkcji ciepła do produkcji energii elektrycznej (stały) | H7: Stosunek produkcji ciepła do produkcji energii elektrycznej (minimalny) | I7: Stosunek produkcji ciepła do produkcji energii elektrycznej (maksymalny) | J7: Spadek sprawności elektrycznej związany z produkcją ciepła | K7: Przelicznik mocy zainstalowanej na aktywność (produkcję) procesu | L7: Moc zainstalowana (w roku po znaku ~) | M7: Moc zainstalowana (w roku po znaku ~) | N7: Dostępność mocy w szczycie zapotrzebowania | O7: Roczna dostępność mocy | P7: Koszty stałe (niezależne od produkcji) | Q7: Koszty zmienne niepaliwowe (zależne od produkcji)
B8: =SEC_Processes!D12 -> CHP_EX_HC | C8: =SEC_Processes!E12 -> Existing Hard Coal CHPs - backpressure turbine | D8: =SEC_Comm!C23 -> HC | F8: =(L8*K8*O8)/(BALANCE!G11*BALANCE!H11/10^6) -> 0.24771097 | G8: =BALANCE!F11/(3.6*BALANCE!E11) -> 2.3407644 | K8: 31.536 | L8: =BALANCE!D11/1000 -> 4.0946 | M8: 0 | N8: 1 | O8: =BALANCE!E11/BALANCE!D11*1000/8760 -> 0.4533145 | P8: =48*4.5 -> 216 | Q8: =3.2/3.6*4.5 -> 4
E9: =SEC_Comm!C8 -> ELEC_HV
E10: =SEC_Comm!C10 -> HEAT_HT
B11: =SEC_Processes!D13 -> CHP_EX_NAT-GAS | C11: =SEC_Processes!E13 -> Existing Natural Gas CHPs - pass-out turbine | D11: =SEC_Comm!C24 -> BC | F11: 0.55 | H11: 0.2 | I11: 0.7 | J11: 0.25 | K11: 31.536 | L11: =BALANCE!D12/1000 -> 1.6565 | M11: =L11 -> 1.6565 | N11: 1 | O11: 0.5985 | P11: 97.2 | Q11: 2.7
E12: =SEC_Comm!C8 -> ELEC_HV
E13: =SEC_Comm!C10 -> HEAT_HT

Sheet HPL
B2: Heat Only Plants
E4: ~FI_T
B5: TechName | C5: *TechDesc | D5: Comm-IN | E5: Comm-OUT | F5: EFF | G5: CAP2ACT | H5: STOCK~2020~2021 | I5: STOCK~2035 | J5: AFA | K5: FIXOM | L5: VAROM
B6: \I: Technology Name | C6: Technology Description | D6: Commodity Input | E6: Commodity Output | F6: Efficiency | G6: Capacity to Activity Factor | H6: Installed Capacity [GW] | I6: Installed Capacity [GW] | J6: Annual Availability Factor | K6: Fixed O&M Costs [PLN/kW] | L6: Variable O&M Costs [PLN/GJ]
B7: \I: Nazwa procesu | C7: Opis procesu | D7: Dobro na wejściu | E7: Dobro na wyjściu | F7: Sprawność | G7: Przelicznik mocy zainstalowanej na aktywność (produkcję) procesu | H7: Moc zainstalowana (w roku po znaku ~) | I7: Moc zainstalowana (w roku po znaku ~) | J7: Roczna dostępność mocy | K7: Koszty stałe (niezależne od produkcji) | L7: Koszty zmienne niepaliwowe (zależne od produkcji)
B8: =SEC_Processes!D14 -> HPL_EX_HC | C8: =SEC_Processes!E14 -> Existing Hard Coal Heating Plants | D8: =SEC_Comm!C23 -> HC | E8: =SEC_Comm!C10 -> HEAT_HT | F8: =(BALANCE!F15/10^3)/(BALANCE!G15*BALANCE!H15/10^6) -> 0.84618852 | G8: 31.536 | H8: =BALANCE!D15/1000 -> 19.806 | I8: 0 | J8: =ROUNDUP(BALANCE!F15/(BALANCE!D15*8760*3.6/1000),2) -> 0.14 | K8: 1 | L8: 1

Sheet T&D
B2: Transformation and Distribution Networks
E4: ~FI_T
B5: TechName | C5: * TechDesc | D5: Comm-IN | E5: Comm-OUT | F5: EFF
B6: \I: Technology Name | C6: Technology Description | D6: Commodity Input | E6: Commodity Output | F6: Efficiency
B7: \I: Nazwa procesu | C7: Opis procesu | D7: Dobro na wejściu | E7: Dobro na wyjściu | F7: Sprawność
B8: =SEC_Processes!D15 -> TRANSF_HV-LV | C8: =SEC_Processes!E15 -> Electricity Transformation and Distribution High Voltage to Low Voltage | D8: =SEC_Comm!C8 -> ELEC_HV | E8: =SEC_Comm!C9 -> ELEC_LV | F8: =BALANCE!E29*BALANCE!E30*BALANCE!E31 -> 0.9077968 | H8: =1-F8 -> 0.092203197
B9: =SEC_Processes!D16 -> TRANSF_HT-DH | C9: =SEC_Processes!E16 -> District heating network | D9: =SEC_Comm!C10 -> HEAT_HT | E9: =SEC_Comm!C11 -> HEAT_DH | F9: =BALANCE!E32 -> 0.859 | H9: =1-F9 -> 0.141

Sheet EMI
B2: Emission factor per chemical energy unit of fuel
C4: ~PRCCOMEMI
B5: TechName | C5: CommName | D5: HC | E5: BC | F5: NAT-GAS | H5: <- Fuel Name as Column Header
B6: \I: Technology Name | C6: Commodity Name (Pollutant) | D6: Emission factor [kt/PJ]
B7: \I: Nazwa procesu | C7: Nazwa dobra (polutanta) | D7: Współczynnik emisji polutanta dla danego dobra (paliwa)
B8: =SEC_Processes!D10 -> ELE_EX_HC | C8: CO2 | D8: 94.19
B9: =SEC_Processes!D11 -> ELE_EX_BC | C9: CO2 | E9: 109.08
B10: =SEC_Processes!D12 -> CHP_EX_HC | C10: CO2 | D10: 94.19
B11: =SEC_Processes!D13 -> CHP_EX_NAT-GAS | C11: CO2 | F11: 55.82
F15: `

Sheet SCHEM_ELC
B1: You can always complecate your system
B2: Flow values in GWh
F6: ELC_HV | G6: > | K6: > | L6: ELC_HV | M6: 144879.37 | R6: ELC_HV-HV | S6: > | W6: > | X6: ELC_HV-HV | Y6: 7209.711
C7: ELE | O7: T&D HV | AA7: EXP
F8: ELC_MV | G8: >
S9: 105527.87 | W9: 27121.55
F12: ELC_HV | G12: > | K12: > | L12: ELC_HV-HV | M12: 105527.87 | Q12: 109718.51 | R12: ELC_MV-MV | S12: > | U12: 51822.235 | W12: > | X12: ELC_HV-HV | AD12: SEKTOR-ELC | AE12: >
C13: CHP | O13: T&D MV | AA13: Sector | AG13: Final Energy
F14: ELC_MV | G14: > | K14: > | L14: ELC_MV | M14: 8049.001 | W14: > | X14: ELC_MV-MV | AA14: Fuel | AD14: Without | AG14: Consumption
AD15: Sectoral | AG15: Process
W16: > | X16: ELC_LV-LV | AD16: Generation
F18: ELC_HV | G18: > | K18: > | L18: ELC_MV-MV | M18: 57896.276 | Q18: 56087.058 | R18: ELC_LV-LV | S18: > | T18: 56087.058
C19: CHPI | O19: T&D LV
F20: ELC_MV | G20: > | K20: > | L20: ELC_LV | M20: 1197.235
W21: > | X21: ELC_HV-HV | AD21: SEKTOR-ELC | AE21: > | AF21: > | AG21: SEKTOR-ELC
AA22: Sector | AJ22: Final Energy
M23: Total input | P23: 154125.61 | R23: GWh | W23: > | X23: ELC_MV-MV | AA23: Fuel | AG23: With | AJ23: Consumption
E24: 12579.937 | F24: ELC_HV | G24: > | M24: Total output | P24: 142240.55 | R24: GWh | AG24: Sectoral | AJ24: Process
M25: Pumping | P25: 1075.196 | R25: GWh | W25: > | X25: ELC_LV-LV | AG25: Generation
C26: REN | E26: 5779.169 | F26: ELC_MV | G26: > | M26: Own needs | P26: 1620.396 | R26: GWh
M27: Losses | P27: 0.059623213
F28: ELC_LV | G28: > | AD28: SEKTOR-ELC | AE28: >
AA29: Sectoral
AA30: Generation
AD31: ELC_LV | AE31: >
E32: 20432.702 | F32: ELC_HV | G32: >
C33: IMP
